{
  "sim_label": "sim3_singlestep_dt0.001",
  "dt": 0.001,
  "ic_x": [
    -0.8948684925748359,
    -0.4014550832008866,
    -0.17229662830128972
  ],
  "ic_v": [
    0.010467027038853141,
    -0.01375825759409125,
    -0.005210941940552663
  ],
  "ic_t_jd_tdb": 2462242.5,
  "n_pc_iters": 2,
  "max_abs_b6": 6.047078435049729e-14,
  "forces": [
    "SUN",
    "PLANETS",
    "ASTEROIDS",
    "GR_EIH",
    "SUN_HARMONICS",
    "EARTH_HARMONICS",
    "NON_GRAVITATIONAL"
  ],
  "nongrav_a1_a2_a3": [
    4.999999873689e-13,
    -2.901085508711e-14,
    0.0
  ]
}